market,net_sales
India,771136120.2285635272
USA,489393186.7123691355
"South Korea",228325252.9962297216
Canada,171356188.6511322509
Philiphines,131897342.9376885811
